comment_id,source_url,author,content,posted_at,collected_at
16a7bbe2484eea9fde2365d2a742f90141790494,https://kamikouryaku.net/nightreign_eldenring/?%E9%9A%A0%E8%80%85,,[#c9zy] 表に骨と知信ステ変遺物、夜侵入。裏に属性攻撃力×3と撃破アーツ二種類。この構成で聖印も魔術も混成も使える汎用隠者いけますかね？ 2026-08-11 (火) 10:14:42 [ID:p-bktu-6f28-68ne] [#3bz3] FPカバー無しはきついと思うけど知信ステ外した方がいいんじゃない？ 2026-08-11 (火) 10:21:46 [ID:m-teaa-3312-37rq] [#80w2] 撃破アーツでFP補助と思ったけれど、ファームはともかく夜ボスがキツいですかね？ じつは知信遺物付けたことなく、FPの感覚しらずでして… 2026-08-11 (火) 11:14:51 [ID:p-bktu-6f28-68ne] [#86cr] 一度付けて出撃してみればわかる。雑魚をあまり倒さず恐るべき強敵を倒して回る2日目が露骨に辛くなる。チマチマ属性痕吸って混成の準備をするよりも、FPを吐き出しきる頃に倒せるように調整した方が速い。知信積んだら杖3辺りもセットで積まないとかえってキルタイム遅くなりがち 2026-08-11 (火) 11:31:52 [ID:m-8lq4-5c81-7dtb] [#7cse] いけると思うが強くない。 このページのビルド例の基本型と、おすすめ魔術/祈祷と言いながら魔術しか載ってないところを見てほしい。 それだけ祈祷はガチャすぎるし結局魔術撃ってる方が強い。 混成と祈祷は味変 2026-08-11 (火) 11:21:59 [ID:m-5mwq-9fc5-amdr] [#32f1] 同じくFP補助無しだと知信ステ変は相当窮屈になるから積まない方がいいと思う。封牢積むほうが幾分かマシくらい。 2026-08-11 (火) 11:26:15 [ID:m-73x4-5c81-8jrl] [#e7fb] 強くはないけど全然やれる範疇、溶岩弾や聖印出やすいもあると混成が捗るね。撃破アーツあるならファーム中のFPはほとんど気にならん。祈祷はブレが大きい分当たりもでかいんで好みが分かれるところだけど、FP気にせずに強祈祷垂れ流せるのは強みだね。 2026-08-11 (火) 11:27:16 [ID:m-cbru-1b68-7dtb] [#48tw] 知信ステ変はアーツ2種でもFPケアしないと厳しそう 魔法と信仰振る以上どんなの来ても対応しときたい 属性弓でもいいけどあまり出ないし 2026-08-11 (火) 12:26:35 [ID:m-4f4r-cac4-adn4] [#9ykw] 知信ステ変は裏に属攻+2と同時に組んで、表で魔魔術師塔か杖3でFPケアがオススメですね 2026-08-11 (火) 13:12:03 [ID:m-c1pi-6f28-ahxv] [#l22q] 意見ありがとうございます！知信ステ変はよほどいい遺物ないと取り回しの悪さが目立っちゃう感じなんですね。 代わりの表遺物はどんな効果がおすすめでしょうか。上振れ期待できる封牢あたりでしょうか。 2026-08-11 (火) 14:04:44 [ID:p-bktu-6f28-68ne] [#1dtj] このページのおすすめ遺物効果の項に載っているやつ。あと鈴。封牢はどちらかと言うと上振れ期待ではなく、封牢マンとマッチしたときの下振れ回避の趣 2026-08-11 (火) 14:33:54 [ID:m-63bt-5c81-7dtb] [#ee6h] マリスでいいんじゃねえの 個人的には耐久一番増える技量ステ変コレクターがオススメだけど 2026-08-11 (火) 14:45:49 [ID:m-892v-8fb4-37rq],2026-08-11T01:14:42+00:00,2026-09-01T12:43:32.760119+00:00
348ebec3796884dcbd8ab72f1c484772b62feea6,https://kamikouryaku.net/nightreign_eldenring/?%E9%9A%A0%E8%80%85,,[#3bz3] FPカバー無しはきついと思うけど知信ステ外した方がいいんじゃない？ 2026-08-11 (火) 10:21:46 [ID:m-teaa-3312-37rq] [#80w2] 撃破アーツでFP補助と思ったけれど、ファームはともかく夜ボスがキツいですかね？ じつは知信遺物付けたことなく、FPの感覚しらずでして… 2026-08-11 (火) 11:14:51 [ID:p-bktu-6f28-68ne] [#86cr] 一度付けて出撃してみればわかる。雑魚をあまり倒さず恐るべき強敵を倒して回る2日目が露骨に辛くなる。チマチマ属性痕吸って混成の準備をするよりも、FPを吐き出しきる頃に倒せるように調整した方が速い。知信積んだら杖3辺りもセットで積まないとかえってキルタイム遅くなりがち 2026-08-11 (火) 11:31:52 [ID:m-8lq4-5c81-7dtb],2026-08-11T01:21:46+00:00,2026-09-01T12:43:32.760119+00:00
adee0b513f8fd0765661dbf5e6831b3495b32edb,https://kamikouryaku.net/nightreign_eldenring/?%E9%9A%A0%E8%80%85,,[#7cse] いけると思うが強くない。 このページのビルド例の基本型と、おすすめ魔術/祈祷と言いながら魔術しか載ってないところを見てほしい。 それだけ祈祷はガチャすぎるし結局魔術撃ってる方が強い。 混成と祈祷は味変 2026-08-11 (火) 11:21:59 [ID:m-5mwq-9fc5-amdr],2026-08-11T02:21:59+00:00,2026-09-01T12:43:32.760119+00:00
941f0368f9c1dd96087b4bf1aa6bba2e7adf9c06,https://kamikouryaku.net/nightreign_eldenring/?%E9%9A%A0%E8%80%85,,[#32f1] 同じくFP補助無しだと知信ステ変は相当窮屈になるから積まない方がいいと思う。封牢積むほうが幾分かマシくらい。 2026-08-11 (火) 11:26:15 [ID:m-73x4-5c81-8jrl],2026-08-11T02:26:15+00:00,2026-09-01T12:43:32.760119+00:00
b755f7e425505006ec15e55bfc7bc80ffa93c9b8,https://kamikouryaku.net/nightreign_eldenring/?%E9%9A%A0%E8%80%85,,[#e7fb] 強くはないけど全然やれる範疇、溶岩弾や聖印出やすいもあると混成が捗るね。撃破アーツあるならファーム中のFPはほとんど気にならん。祈祷はブレが大きい分当たりもでかいんで好みが分かれるところだけど、FP気にせずに強祈祷垂れ流せるのは強みだね。 2026-08-11 (火) 11:27:16 [ID:m-cbru-1b68-7dtb],2026-08-11T02:27:16+00:00,2026-09-01T12:43:32.760119+00:00
13647cfcd42fca850b7c1ada7b55bd57b3d8b9c8,https://kamikouryaku.net/nightreign_eldenring/?%E9%9A%A0%E8%80%85,,[#48tw] 知信ステ変はアーツ2種でもFPケアしないと厳しそう 魔法と信仰振る以上どんなの来ても対応しときたい 属性弓でもいいけどあまり出ないし 2026-08-11 (火) 12:26:35 [ID:m-4f4r-cac4-adn4],2026-08-11T03:26:35+00:00,2026-09-01T12:43:32.760119+00:00
0a8e69977c9cfafc9e3c4832a364d0effbf8c6de,https://kamikouryaku.net/nightreign_eldenring/?%E9%9A%A0%E8%80%85,,[#9ykw] 知信ステ変は裏に属攻+2と同時に組んで、表で魔魔術師塔か杖3でFPケアがオススメですね 2026-08-11 (火) 13:12:03 [ID:m-c1pi-6f28-ahxv],2026-08-11T04:12:03+00:00,2026-09-01T12:43:32.760119+00:00
9df7c773412af0cd58f85fd651e82938fae6b655,https://kamikouryaku.net/nightreign_eldenring/?%E9%9A%A0%E8%80%85,,[#l22q] 意見ありがとうございます！知信ステ変はよほどいい遺物ないと取り回しの悪さが目立っちゃう感じなんですね。 代わりの表遺物はどんな効果がおすすめでしょうか。上振れ期待できる封牢あたりでしょうか。 2026-08-11 (火) 14:04:44 [ID:p-bktu-6f28-68ne] [#1dtj] このページのおすすめ遺物効果の項に載っているやつ。あと鈴。封牢はどちらかと言うと上振れ期待ではなく、封牢マンとマッチしたときの下振れ回避の趣 2026-08-11 (火) 14:33:54 [ID:m-63bt-5c81-7dtb] [#ee6h] マリスでいいんじゃねえの 個人的には耐久一番増える技量ステ変コレクターがオススメだけど 2026-08-11 (火) 14:45:49 [ID:m-892v-8fb4-37rq],2026-08-11T05:04:44+00:00,2026-09-01T12:43:32.760119+00:00
4eab085811f9a6ba78eb2be96dc8eeadfbcdcd0c,https://kamikouryaku.net/nightreign_eldenring/?%E9%9A%A0%E8%80%85,,[#67mo] 知信ステ変は信仰も伸びるから活かしたくなるのもわかるが、信仰を活かしている間はせっかくの知力を遊ばせているわけで。FPが尽きてDPSが落ちるまでの火力量を少しでも稼ぐべく、知信を積むならより一層魔力に集中した方が良い。FPを節約したいときに夜炎やパタ等が少し強く使えるという程度に考えた方が良い 2026-08-11 (火) 14:22:16 [ID:m-14z3-5c81-7dtb] [#6qa3] これまでの話の流れは知信ステ変のコンセプトで混成魔法の強化及び有効活用だから魔力特化とは別の話だよ。それなら特化6積みでfa 2026-08-12 (水) 07:09:05 [ID:m-4f4r-cac4-adn4] [#7het] 知信ステ変を積んだからと言って聖印も魔術もと考えるのは良くないという主張だから、一つ上の木と完全に別の話ではないし、別の話だとしても木を分けているのだから噛み付くのは意味不明ですね 2026-08-12 (水) 07:52:17 [ID:m-bpyh-5c81-7dtb] [#c9ef] 素で片方は遊んでる状態だし、あえてステ変積むなら祈祷や混成も使いたくなるけどね。 2026-08-12 (水) 08:25:51 [ID:p-cbru-1b68-90ak] [#490r] 気持ちはわかるけど、素で片方が遊んでいるからこそ、片方のままで良いじゃんって感じ。魔術と祈祷の相対的な威力が変わらない一方で、基本的な燃費をより重視するべき状況になるし 2026-08-12 (水) 08:44:49 [ID:m-46ti-5c81-7dtb] [#b04z] 効率重視ならそうなってくるだろうけど、それだとやる事変わらんのがね。知力側の最低保証があるからこそ遊べるというか。 2026-08-12 (水) 08:50:48 [ID:p-cbru-1b68-90ak] [#bbu7] 効率重視ならこうなるという主張だからね。極論個人の自由だけど、客観的に優劣を語るなら、知信ステ変を活かすなら敢えて魔力に一本化する方が良くねという 2026-08-12 (水) 09:11:17 [ID:m-bhza-5c81-7dtb] [#3i2h] ステ変しようがしまいが片方は遊ぶ。ステ変積んだから祈祷使わなきゃ！というのは理屈としておかしい 使いたいんだもん！なら健全だから、そのまま進めばいいと思うが、効率の意味では完全なナンセンス 2026-08-12 (水) 11:51:16 [ID:p-e3if-f7b8-9ini],2026-08-11T05:22:16+00:00,2026-09-01T12:43:32.760119+00:00
3c2673dc2175b91423bccd2787839817558284dd,https://kamikouryaku.net/nightreign_eldenring/?%E9%9A%A0%E8%80%85,,[#6qa3] これまでの話の流れは知信ステ変のコンセプトで混成魔法の強化及び有効活用だから魔力特化とは別の話だよ。それなら特化6積みでfa 2026-08-12 (水) 07:09:05 [ID:m-4f4r-cac4-adn4] [#7het] 知信ステ変を積んだからと言って聖印も魔術もと考えるのは良くないという主張だから、一つ上の木と完全に別の話ではないし、別の話だとしても木を分けているのだから噛み付くのは意味不明ですね 2026-08-12 (水) 07:52:17 [ID:m-bpyh-5c81-7dtb],2026-08-11T22:09:05+00:00,2026-09-01T12:43:32.760119+00:00
1e00edb27f03efc7f13865f4190c582cc0fcdd3c,https://kamikouryaku.net/nightreign_eldenring/?%E9%9A%A0%E8%80%85,,[#c9ef] 素で片方は遊んでる状態だし、あえてステ変積むなら祈祷や混成も使いたくなるけどね。 2026-08-12 (水) 08:25:51 [ID:p-cbru-1b68-90ak] [#490r] 気持ちはわかるけど、素で片方が遊んでいるからこそ、片方のままで良いじゃんって感じ。魔術と祈祷の相対的な威力が変わらない一方で、基本的な燃費をより重視するべき状況になるし 2026-08-12 (水) 08:44:49 [ID:m-46ti-5c81-7dtb] [#b04z] 効率重視ならそうなってくるだろうけど、それだとやる事変わらんのがね。知力側の最低保証があるからこそ遊べるというか。 2026-08-12 (水) 08:50:48 [ID:p-cbru-1b68-90ak] [#bbu7] 効率重視ならこうなるという主張だからね。極論個人の自由だけど、客観的に優劣を語るなら、知信ステ変を活かすなら敢えて魔力に一本化する方が良くねという 2026-08-12 (水) 09:11:17 [ID:m-bhza-5c81-7dtb] [#3i2h] ステ変しようがしまいが片方は遊ぶ。ステ変積んだから祈祷使わなきゃ！というのは理屈としておかしい 使いたいんだもん！なら健全だから、そのまま進めばいいと思うが、効率の意味では完全なナンセンス 2026-08-12 (水) 11:51:16 [ID:p-e3if-f7b8-9ini],2026-08-11T23:25:51+00:00,2026-09-01T12:43:32.760119+00:00
b3e4320d56058f1202e849766824898b0f29d2fb,https://kamikouryaku.net/nightreign_eldenring/?%E9%9A%A0%E8%80%85,,[#67ph] たとえ深度5の野良でも魔力12〜特化4〜みたいに極端な火力は要求しないし、知信ステ変+属性積みだけでも十分すぎるほど強いって。 2026-08-12 (水) 11:56:36 [ID:m-3jl9-80cf-48kq],2026-08-12T02:56:36+00:00,2026-09-01T12:43:32.760119+00:00
4907f492a0c1d7dffde9749a194533d07165ae7a,https://kamikouryaku.net/nightreign_eldenring/?%E9%9A%A0%E8%80%85,,[#43p3] 混成魔法でドパ隠者するのは勝手だけどちゃんとvictoryできるように修錬積もうな 2026-08-12 (水) 15:08:51 [ID:m-4lr1-2fdf-3twf] [#3627] こういう慣れてないプレーヤーを萎縮させるような嫌味いうやつなんなのほんと。面白いと思ってんの？ 2026-08-12 (水) 18:28:21 [ID:m-axjn-80cf-3s6y] [#3jh0] 慣れてないプレイヤーには、混成魔法よりもまずはしっかり杖を使い、魔術を覚えてナイトレインでの隠者の導線を覚えてほしいところ 2026-08-12 (水) 19:03:47 [ID:p-9iv6-ea39-bk3p] [#7y1k] 慣れてないって無意識に決めつけてるお前もどうかと思うよ 2026-08-13 (木) 08:00:51 [ID:p-eps2-cdee-68ne] [#1vcd] Victoryできてない時点で連帯責任では…。 2026-08-13 (木) 16:42:46 [ID:p-9eud-97d9-90ak],2026-08-12T06:08:51+00:00,2026-09-01T12:43:32.760119+00:00
36cb0f9d053633b59927dfa085a776cd4b824b2d,https://kamikouryaku.net/nightreign_eldenring/?%E9%9A%A0%E8%80%85,,[#3627] こういう慣れてないプレーヤーを萎縮させるような嫌味いうやつなんなのほんと。面白いと思ってんの？ 2026-08-12 (水) 18:28:21 [ID:m-axjn-80cf-3s6y] [#3jh0] 慣れてないプレイヤーには、混成魔法よりもまずはしっかり杖を使い、魔術を覚えてナイトレインでの隠者の導線を覚えてほしいところ 2026-08-12 (水) 19:03:47 [ID:p-9iv6-ea39-bk3p] [#7y1k] 慣れてないって無意識に決めつけてるお前もどうかと思うよ 2026-08-13 (木) 08:00:51 [ID:p-eps2-cdee-68ne],2026-08-12T09:28:21+00:00,2026-09-01T12:43:32.760119+00:00
99475a8f5279e578ff468269042955b76315dd3c,https://kamikouryaku.net/nightreign_eldenring/?%E9%9A%A0%E8%80%85,,[#1vcd] Victoryできてない時点で連帯責任では…。 2026-08-13 (木) 16:42:46 [ID:p-9eud-97d9-90ak],2026-08-13T07:42:46+00:00,2026-09-01T12:43:32.760119+00:00
ce6ceb50296d7ef2ae688e6cfd1d4b9116864277,https://kamikouryaku.net/nightreign_eldenring/?%E9%9A%A0%E8%80%85,,[#85cm] 混成といえば魔単が過小評価されているのではという気もする。硬直が短い上にロックしていれば適当に撃っても必中で位置取りに時間がかからない。騎士を怯ませ自分は好きに動けて追撃可能。これ自体のダメージも魔力モリモリなら無視できるほど小さくはない 2026-08-13 (木) 18:30:14 [ID:m-1zy9-5c81-7dtb] [#ci3j] もちろん敢えて狙う価値があるほど強いというわけではなく、最低保証にしては上々ってことね。魔単以外も味方が付けた/味方に付いた野生の属性痕が拾えたらワンチャン狙うけど、魔単でも悲観するほど弱くはない 2026-08-13 (木) 19:21:43 [ID:m-4v9e-5c81-7dtb] [#ez6c] 引き撃ちもできるし、モーション手早く、攻撃が持続するから扱いやすさで魔単いいですよね。手早いから回転いいし、騎士の怯ませもできて、詠唱回避する軽量の敵の足も止めてくれる。 なんならつぶてだけでは難しいところを魔単で攻撃持続すれば体勢崩しもありうる。 あと引き撃ちできる混成魔法は魔単と魔炎聖のふたつしかなく、魔炎聖がモーション長くて癖があって火属性なこと考えると、実戦的には星光の欠片ケチるときは魔単の方が立ち回りの安全とリソース管理も含めて便利なんですよね あとソロ隠者だと、鈴玉狩りには魔単の混成のみで攻撃すると走って追われる事がないので覚えておくと1日目の夜に出現されても簡単に処理できる 2026-08-14 (金) 21:23:33 [ID:p-3z89-cdee-90ak],2026-08-13T09:30:14+00:00,2026-09-01T12:43:32.760119+00:00
026ebce72c055bc5397037771ee80a753d9284e6,https://kamikouryaku.net/nightreign_eldenring/?%E9%9A%A0%E8%80%85,,[#ci3j] もちろん敢えて狙う価値があるほど強いというわけではなく、最低保証にしては上々ってことね。魔単以外も味方が付けた/味方に付いた野生の属性痕が拾えたらワンチャン狙うけど、魔単でも悲観するほど弱くはない 2026-08-13 (木) 19:21:43 [ID:m-4v9e-5c81-7dtb],2026-08-13T10:21:43+00:00,2026-09-01T12:43:32.760119+00:00
a73afdf0cc7f04b1a8885575d9e0071dc13f2d53,https://kamikouryaku.net/nightreign_eldenring/?%E9%9A%A0%E8%80%85,,[#ez6c] 引き撃ちもできるし、モーション手早く、攻撃が持続するから扱いやすさで魔単いいですよね。手早いから回転いいし、騎士の怯ませもできて、詠唱回避する軽量の敵の足も止めてくれる。 なんならつぶてだけでは難しいところを魔単で攻撃持続すれば体勢崩しもありうる。 あと引き撃ちできる混成魔法は魔単と魔炎聖のふたつしかなく、魔炎聖がモーション長くて癖があって火属性なこと考えると、実戦的には星光の欠片ケチるときは魔単の方が立ち回りの安全とリソース管理も含めて便利なんですよね あとソロ隠者だと、鈴玉狩りには魔単の混成のみで攻撃すると走って追われる事がないので覚えておくと1日目の夜に出現されても簡単に処理できる 2026-08-14 (金) 21:23:33 [ID:p-3z89-cdee-90ak],2026-08-14T12:23:33+00:00,2026-09-01T12:43:32.760119+00:00
bfb265228bdce9478227916f0cdae7c3d0afaac1,https://kamikouryaku.net/nightreign_eldenring/?%E9%9A%A0%E8%80%85,,[#biua] 雷魔法がないことを定期的に思い出して悔しがってる。初期雷魔法あったらもっと遊べるのに。 2026-08-13 (木) 18:30:52 [ID:m-be82-8a58-e3yy] [#79gd] 自分だけで雷と聖を入手するの難しすぎるんだよね。店売り武器だと属性痕回収に時間かかりすぎ+味方の上書きで失敗とかあるし。本格的に混成魔法で遊びたいならどうしてもナメレス弓ダッシュ撃ち安定になってしまう。表に2つ神遺物あれば火力も十二分に足りるし(極論) 2026-08-13 (木) 19:23:04 [ID:m-95uj-a19d-3s6y],2026-08-13T09:30:52+00:00,2026-09-01T12:43:32.760119+00:00
e88ee0038994d2e9a2cb65bae49222c560a9a0c4,https://kamikouryaku.net/nightreign_eldenring/?%E9%9A%A0%E8%80%85,,[#79gd] 自分だけで雷と聖を入手するの難しすぎるんだよね。店売り武器だと属性痕回収に時間かかりすぎ+味方の上書きで失敗とかあるし。本格的に混成魔法で遊びたいならどうしてもナメレス弓ダッシュ撃ち安定になってしまう。表に2つ神遺物あれば火力も十二分に足りるし(極論) 2026-08-13 (木) 19:23:04 [ID:m-95uj-a19d-3s6y],2026-08-13T10:23:04+00:00,2026-09-01T12:43:32.760119+00:00
688cb558b38737a9600c1e2b5cedcca1a480ad07,https://kamikouryaku.net/nightreign_eldenring/?%E9%9A%A0%E8%80%85,,[#c2i4] さっき2600時間もプレイしてる隠者が罪人遺跡で開幕アーツ打って地獄見たんだけど、流行ってるの…？今週3回もアーツぶっぱする隠者居て嫌いになりそう 2026-08-14 (金) 18:50:25 [ID:m-ez2n-a1ee-7dtb] [#80ux] 地獄になったのなら、間違いなくそのひとたちは反省して、 使ったらマズくなる状況と場所の基本は見直した方がいい。 遺跡入口で雑魚が来て面倒にならない状況ってないし。 範囲を理解していて入口の外に引っ張った罪人だけにひっかけるとか、 あるいは2日目に行く災域でそもそもレベルと火力が十分足りていて、巻き込む場所を選んで輝石のアークや範囲攻撃で巻き込んだ雑魚含めて全く苦も無く秒で殲滅できるような状況でぱなすとかはアリだとおもう。 例えば無属性大教会ゴーレムの 隠し宝箱の対面入口の広場の雑魚亜人集団ぐらいは巻き込んでも秒処理はできるとおもう。 これもボスのゴーレム巻き込んだら地獄だから、範囲と状況の勉強はしておけになるけど 2026-08-14 (金) 20:46:14 [ID:p-3z89-cdee-90ak] [#6fi8] 2日目は単独処理出来るので困ってないのですが1日目2lv～5lv位の時ですね。武器3個位しか持ってない時にやられると全滅しかかけるので、別拠点にピン刺して逃げることにしようかと思います 2026-08-15 (土) 00:17:01 [ID:m-ez2n-a1ee-7dtb] [#dgyi] 隠者2000回以上使ってる人の汎用隠者構成って奴が裏遺物に属性+0とか属性+1並んでて他は魔力+3だけっていうのを見たことあるから、プレイ時間とか回数と知識量、プレイングの上手さは比例しないんだなと思ってる 2026-08-15 (土) 01:56:51 [ID:p-24j4-4cf1-68ne] [#e0a5] 多分2600時間やってるだけで、メインキャラは別キャラだったんじゃないですかね？ちょっと深き夜で隠者触っていれば災域だの敵の多いとこで隠者アーツは撃っちゃいけないって分かってると思うので。 深度にもよりますけど、明らかに動きの練度が低かったり、そういう人と多めにマッチするのがストレスになるならブロックも一つの手段ですよ。次から会うことはないので我慢もできますし、ストレスも少しマシになります。あくまで自分の体感ですけどね。 2026-08-19 (水) 16:41:06 [ID:p-7wg2-4cf1-6rkj] [#3ovj] 仲間に獣復いたんじゃないの？あえて地獄にさせることでアーツを吐かせるために。 ファームでなかなかアーツを吐かない＆アーツが貯まってるのを分かっていたとか。 2026-08-21 (金) 08:58:20 [ID:p-46ta-3707-68ne],2026-08-14T09:50:25+00:00,2026-09-01T12:43:32.760119+00:00
9a8da28718daec231f28d40e5ef21c5e2233526a,https://kamikouryaku.net/nightreign_eldenring/?%E9%9A%A0%E8%80%85,,[#80ux] 地獄になったのなら、間違いなくそのひとたちは反省して、 使ったらマズくなる状況と場所の基本は見直した方がいい。 遺跡入口で雑魚が来て面倒にならない状況ってないし。 範囲を理解していて入口の外に引っ張った罪人だけにひっかけるとか、 あるいは2日目に行く災域でそもそもレベルと火力が十分足りていて、巻き込む場所を選んで輝石のアークや範囲攻撃で巻き込んだ雑魚含めて全く苦も無く秒で殲滅できるような状況でぱなすとかはアリだとおもう。 例えば無属性大教会ゴーレムの 隠し宝箱の対面入口の広場の雑魚亜人集団ぐらいは巻き込んでも秒処理はできるとおもう。 これもボスのゴーレム巻き込んだら地獄だから、範囲と状況の勉強はしておけになるけど 2026-08-14 (金) 20:46:14 [ID:p-3z89-cdee-90ak] [#6fi8] 2日目は単独処理出来るので困ってないのですが1日目2lv～5lv位の時ですね。武器3個位しか持ってない時にやられると全滅しかかけるので、別拠点にピン刺して逃げることにしようかと思います 2026-08-15 (土) 00:17:01 [ID:m-ez2n-a1ee-7dtb],2026-08-14T11:46:14+00:00,2026-09-01T12:43:32.760119+00:00
3eefb223e2bd3d1d67a7dd520c3a37446fbafb2b,https://kamikouryaku.net/nightreign_eldenring/?%E9%9A%A0%E8%80%85,,[#dgyi] 隠者2000回以上使ってる人の汎用隠者構成って奴が裏遺物に属性+0とか属性+1並んでて他は魔力+3だけっていうのを見たことあるから、プレイ時間とか回数と知識量、プレイングの上手さは比例しないんだなと思ってる 2026-08-15 (土) 01:56:51 [ID:p-24j4-4cf1-68ne],2026-08-14T16:56:51+00:00,2026-09-01T12:43:32.760119+00:00
b8bccbb92461e721c6155eb28dda85fe2d1729d4,https://kamikouryaku.net/nightreign_eldenring/?%E9%9A%A0%E8%80%85,,[#e0a5] 多分2600時間やってるだけで、メインキャラは別キャラだったんじゃないですかね？ちょっと深き夜で隠者触っていれば災域だの敵の多いとこで隠者アーツは撃っちゃいけないって分かってると思うので。 深度にもよりますけど、明らかに動きの練度が低かったり、そういう人と多めにマッチするのがストレスになるならブロックも一つの手段ですよ。次から会うことはないので我慢もできますし、ストレスも少しマシになります。あくまで自分の体感ですけどね。 2026-08-19 (水) 16:41:06 [ID:p-7wg2-4cf1-6rkj],2026-08-19T07:41:06+00:00,2026-09-01T12:43:32.760119+00:00
7d5ec3acf8dc89b73af79b59dbb85fb07d576e06,https://kamikouryaku.net/nightreign_eldenring/?%E9%9A%A0%E8%80%85,,[#3ovj] 仲間に獣復いたんじゃないの？あえて地獄にさせることでアーツを吐かせるために。 ファームでなかなかアーツを吐かない＆アーツが貯まってるのを分かっていたとか。 2026-08-21 (金) 08:58:20 [ID:p-46ta-3707-68ne],2026-08-20T23:58:20+00:00,2026-09-01T12:43:32.760119+00:00
9e8dc5f28d2252e29d822448f78718b3866ebb58,https://kamikouryaku.net/nightreign_eldenring/?%E9%9A%A0%E8%80%85,,[#f3yw] ナメレス積んで弓で属性集める混成魔法主体隠者をやってみたいんですけど、遺物は魔術強化盛りでいい感じですかね？？マルチでも出したいけどとりあえずソロでやります 2026-08-16 (日) 19:09:01 [ID:m-bwp4-d373-7dtb] [#7kbr] 属性攻撃の方が弓のダメージが少し上がる。マルチで出すと鉄か追跡者かレディがいるとかなりの頻度で上書きされるから下手するとナメレス遺物いらなくて悲しくなる 2026-08-16 (日) 22:37:48 [ID:p-9iv6-ea39-bk3p] [#8sq7] 属性攻撃力優先だけど、魔術強化でも大丈夫。弓の攻撃力上げる必要は全くない。フィールドに湧く雑魚を一撃で倒してしまって属性回収がやりにくくなるので。属性集める時は基本ダッシュ撃ちで、フィールド移動中に雑魚から雷属性を確保しておくだけでだいぶ捗ると思う。ダメージソースとして魔術もちゃんと使った方が良いのは言うまでもないけど、別に混成魔法だけでも戦えはする。夜の王戦は弓があれば比較的楽に属性回収できると思う。特に雷は祈祷使うより圧倒的に回収しやすい 2026-08-17 (月) 01:28:22 [ID:m-3jge-2f6a-3s6y] [#48kz] 属性攻撃強化で増える弓のダメージなんて屁だから、魔術のダメージを伸ばす効果のなかで、付けやすい遺物を付けるだけで良いよ 2026-08-17 (月) 10:29:32 [ID:p-e3if-f7b8-9ini] [#6xbm] 魔術+1と属性攻撃+1だと魔術の方が強いけど+2だとどちらも同じ。属性攻撃だと強い祈祷をポロッと拾ったときに強く使える程度。 2026-08-20 (木) 21:38:29 [ID:p-aeem-05e5-68ne],2026-08-16T10:09:01+00:00,2026-09-01T12:43:32.760119+00:00
ed1a859bcd4c0e10f4498ed7e0a86c9699c4374c,https://kamikouryaku.net/nightreign_eldenring/?%E9%9A%A0%E8%80%85,,[#7kbr] 属性攻撃の方が弓のダメージが少し上がる。マルチで出すと鉄か追跡者かレディがいるとかなりの頻度で上書きされるから下手するとナメレス遺物いらなくて悲しくなる 2026-08-16 (日) 22:37:48 [ID:p-9iv6-ea39-bk3p],2026-08-16T13:37:48+00:00,2026-09-01T12:43:32.760119+00:00
df0c8093183c08cf7c02409643b5381904b6771a,https://kamikouryaku.net/nightreign_eldenring/?%E9%9A%A0%E8%80%85,,[#8sq7] 属性攻撃力優先だけど、魔術強化でも大丈夫。弓の攻撃力上げる必要は全くない。フィールドに湧く雑魚を一撃で倒してしまって属性回収がやりにくくなるので。属性集める時は基本ダッシュ撃ちで、フィールド移動中に雑魚から雷属性を確保しておくだけでだいぶ捗ると思う。ダメージソースとして魔術もちゃんと使った方が良いのは言うまでもないけど、別に混成魔法だけでも戦えはする。夜の王戦は弓があれば比較的楽に属性回収できると思う。特に雷は祈祷使うより圧倒的に回収しやすい 2026-08-17 (月) 01:28:22 [ID:m-3jge-2f6a-3s6y],2026-08-16T16:28:22+00:00,2026-09-01T12:43:32.760119+00:00
3ddb7287d285d4a495490b350b825c341f1ca4d0,https://kamikouryaku.net/nightreign_eldenring/?%E9%9A%A0%E8%80%85,,[#48kz] 属性攻撃強化で増える弓のダメージなんて屁だから、魔術のダメージを伸ばす効果のなかで、付けやすい遺物を付けるだけで良いよ 2026-08-17 (月) 10:29:32 [ID:p-e3if-f7b8-9ini],2026-08-17T01:29:32+00:00,2026-09-01T12:43:32.760119+00:00
9a2f17d35d836f9ae0839888b460c4ead4d0a898,https://kamikouryaku.net/nightreign_eldenring/?%E9%9A%A0%E8%80%85,,[#6xbm] 魔術+1と属性攻撃+1だと魔術の方が強いけど+2だとどちらも同じ。属性攻撃だと強い祈祷をポロッと拾ったときに強く使える程度。 2026-08-20 (木) 21:38:29 [ID:p-aeem-05e5-68ne],2026-08-20T12:38:29+00:00,2026-09-01T12:43:32.760119+00:00
c35c6102f4ad5a4e1cd7d481be4af8be10b64a86,https://kamikouryaku.net/nightreign_eldenring/?%E9%9A%A0%E8%80%85,,[#f4d9] 輝剣が動き回る奴に外れるし面白くないのはわかるが特化すればタメなし最大2000で対夜の王は最強だと思うのになぜ使われないんだろうな ファームはイライラするかもしれないが絶対に夜の王相手にドパれるだろ ガチャ気にせずに2000連発とかハルモニアに対しても獣爪より強い 2026-08-18 (火) 15:47:22 [ID:p-9yjr-24c4-68ne] [#30re] 大つぶて出たりすると浮気しがちなのと1番輝いてるのは序盤に行く災域とかボタン押下で反応する人型と戦ってる時だから… 2026-08-18 (火) 19:54:20 [ID:p-9iv6-ea39-bk3p] [#3d3n] ファームが苦痛なのが答えじゃね 1戦のうち9割はファームなんだから、最後ドパってもイラつくでしょ ドロップ運も絡まないからドパれる要素少ない 2026-08-19 (水) 18:39:49 [ID:m-14dj-ea39-62bh] [#6iel] それは獣爪もそうだから ドロップ運といってもほとんど結晶も使われんけどな 速剣は何故か引けるから結構見るけど やっぱりファームよな 一回やってイライラして終わりか 雷の槍が少ないのも多分同じ 2026-08-19 (水) 20:17:39 [ID:p-9yjr-24c4-68ne] [#a8h6] 獣爪のファームが苦痛……？ 何ゆってんの？ 2026-08-20 (木) 11:04:15 [ID:p-e3if-f7b8-9ini] [#dqmk] ？まあ俺が順番を逆して書いたのが悪かったか 2026-08-20 (木) 17:47:32 [ID:p-9yjr-24c4-68ne] [#9qk7] 俺にも、獣爪ファームが苦痛って読めるんだが、、 もう少し読解力いらん文章で頼む 2026-08-21 (金) 12:17:56 [ID:m-b699-6f28-3s6y] [#84eq] 「ドロップ運」が読めないのか 結晶も速剣もファームが苦痛に見えたか 「やっぱりファームよな」はどう受け取ったんだ？どっちもファームについてなのに「やっぱり」とは何？大事なことだから？ 2026-08-21 (金) 19:00:10 [ID:p-9yjr-24c4-68ne] [#1zwv] 親木は、輝剣はファームは苦痛だが高ダメージをガチャ要素なく安定して出せるのに何故使われない？と疑問を呈している 子木は、ファームが苦痛からだろと言っている それに対し、獣爪も同様にファームに苦痛だと言っている だが反論として、獣爪のファームは苦痛ではないと言っている 日本語の文法として読み取るべきはこうだ。 が恐らく、ドロップ運が絡まないことのみに対して、獣爪もドロップ運などないのだからドパれないのに使われるじゃないかと主張したいように見え、かつ、木主の結論的には、ファームが苦痛であることがやはり使われない理由だと言っている 2026-08-23 (日) 00:08:07 [ID:m-2k3m-1237-amdr] [#3jvj] うーむ、ID:p-9yjr-24c4-68neはきちんと文章の書けない子だから、何が言いたいかを我々が汲み取るべきなんだろう。「獣爪はファームは楽だが、ガチャでドパれない」という意味で、輝剣も獣爪も同類だとは主張したいのが、「ファームの楽さの差は誰の目にも明らかだから書かなくても良いだろう」と脳内で省略してしまい、「それは同じ」と一言で総括していても、「（ファームの楽さは除く）」と付けたつもりになっているのだろう。あってるかな 2026-08-24 (月) 16:54:21 [ID:p-e3if-f7b8-9ini] [#1act] 「輝剣が使われないのは①ファーム苦痛 と②ドロ運絡まない のが理由だろう」という枝に対して葉は「それ(②)は獣爪も同じでドロ運絡む結晶や速剣は～、やっぱり①の問題で輝剣や雷槍は少ないんだろうな」と枝と①②が逆の順番で話している 書き方や順番を変えた方が伝わりやすいとは思うし木主の下の葉はちょっと散らかってるけど「きちんと文章の書けない子」の一文は余計では 2026-08-25 (火) 09:32:52 [ID:p-ogai-6f28-6upx] [#dwyv] どんなすごい文章だったのか遡って読んでたら普通に読解できた 言いようが酷いのもそうだし指摘してる側の長文のが読みづらいだろこれ 2026-08-25 (火) 21:54:53 [ID:m-cr7e-6f28-3s6y],2026-08-18T06:47:22+00:00,2026-09-01T12:43:32.760119+00:00
c2fa3bd7b74a4c8bc62ddb82f248605e2e93145d,https://kamikouryaku.net/nightreign_eldenring/?%E9%9A%A0%E8%80%85,,[#30re] 大つぶて出たりすると浮気しがちなのと1番輝いてるのは序盤に行く災域とかボタン押下で反応する人型と戦ってる時だから… 2026-08-18 (火) 19:54:20 [ID:p-9iv6-ea39-bk3p],2026-08-18T10:54:20+00:00,2026-09-01T12:43:32.760119+00:00
4bd414b119d3d57c89be8fc0ebc4dd7f52ebf949,https://kamikouryaku.net/nightreign_eldenring/?%E9%9A%A0%E8%80%85,,[#3d3n] ファームが苦痛なのが答えじゃね 1戦のうち9割はファームなんだから、最後ドパってもイラつくでしょ ドロップ運も絡まないからドパれる要素少ない 2026-08-19 (水) 18:39:49 [ID:m-14dj-ea39-62bh] [#6iel] それは獣爪もそうだから ドロップ運といってもほとんど結晶も使われんけどな 速剣は何故か引けるから結構見るけど やっぱりファームよな 一回やってイライラして終わりか 雷の槍が少ないのも多分同じ 2026-08-19 (水) 20:17:39 [ID:p-9yjr-24c4-68ne] [#a8h6] 獣爪のファームが苦痛……？ 何ゆってんの？ 2026-08-20 (木) 11:04:15 [ID:p-e3if-f7b8-9ini] [#dqmk] ？まあ俺が順番を逆して書いたのが悪かったか 2026-08-20 (木) 17:47:32 [ID:p-9yjr-24c4-68ne] [#9qk7] 俺にも、獣爪ファームが苦痛って読めるんだが、、 もう少し読解力いらん文章で頼む 2026-08-21 (金) 12:17:56 [ID:m-b699-6f28-3s6y] [#84eq] 「ドロップ運」が読めないのか 結晶も速剣もファームが苦痛に見えたか 「やっぱりファームよな」はどう受け取ったんだ？どっちもファームについてなのに「やっぱり」とは何？大事なことだから？ 2026-08-21 (金) 19:00:10 [ID:p-9yjr-24c4-68ne] [#1zwv] 親木は、輝剣はファームは苦痛だが高ダメージをガチャ要素なく安定して出せるのに何故使われない？と疑問を呈している 子木は、ファームが苦痛からだろと言っている それに対し、獣爪も同様にファームに苦痛だと言っている だが反論として、獣爪のファームは苦痛ではないと言っている 日本語の文法として読み取るべきはこうだ。 が恐らく、ドロップ運が絡まないことのみに対して、獣爪もドロップ運などないのだからドパれないのに使われるじゃないかと主張したいように見え、かつ、木主の結論的には、ファームが苦痛であることがやはり使われない理由だと言っている 2026-08-23 (日) 00:08:07 [ID:m-2k3m-1237-amdr] [#3jvj] うーむ、ID:p-9yjr-24c4-68neはきちんと文章の書けない子だから、何が言いたいかを我々が汲み取るべきなんだろう。「獣爪はファームは楽だが、ガチャでドパれない」という意味で、輝剣も獣爪も同類だとは主張したいのが、「ファームの楽さの差は誰の目にも明らかだから書かなくても良いだろう」と脳内で省略してしまい、「それは同じ」と一言で総括していても、「（ファームの楽さは除く）」と付けたつもりになっているのだろう。あってるかな 2026-08-24 (月) 16:54:21 [ID:p-e3if-f7b8-9ini] [#1act] 「輝剣が使われないのは①ファーム苦痛 と②ドロ運絡まない のが理由だろう」という枝に対して葉は「それ(②)は獣爪も同じでドロ運絡む結晶や速剣は～、やっぱり①の問題で輝剣や雷槍は少ないんだろうな」と枝と①②が逆の順番で話している 書き方や順番を変えた方が伝わりやすいとは思うし木主の下の葉はちょっと散らかってるけど「きちんと文章の書けない子」の一文は余計では 2026-08-25 (火) 09:32:52 [ID:p-ogai-6f28-6upx] [#dwyv] どんなすごい文章だったのか遡って読んでたら普通に読解できた 言いようが酷いのもそうだし指摘してる側の長文のが読みづらいだろこれ 2026-08-25 (火) 21:54:53 [ID:m-cr7e-6f28-3s6y],2026-08-19T09:39:49+00:00,2026-09-01T12:43:32.760119+00:00
36abf2834d486e974ca34cf1738df4f1258c930a,https://kamikouryaku.net/nightreign_eldenring/?%E9%9A%A0%E8%80%85,,[#4vc0] 炎攻撃力14積みの溶岩弾特化が面白かった 強くはないけど、ノーロック打ちとライカードの怨霊が出た時がほんと面白かった 詠唱速度2と技量上昇つければ、近接みたいに張り付いてポンポン撃つこともできるのか試してみたいな 2026-08-19 (水) 23:28:51 [ID:m-8fhn-24c4-3s6y] [#8miy] 溶岩弾、強化遺物無いから地味だけど雑魚を怯ませる性能高くていいよね。 2026-08-20 (木) 21:39:51 [ID:p-aeem-05e5-68ne],2026-08-19T14:28:51+00:00,2026-09-01T12:43:32.760119+00:00
f459c0f5a5e7dcaf4ba2806b0f9e9de764de50ee,https://kamikouryaku.net/nightreign_eldenring/?%E9%9A%A0%E8%80%85,,[#8miy] 溶岩弾、強化遺物無いから地味だけど雑魚を怯ませる性能高くていいよね。 2026-08-20 (木) 21:39:51 [ID:p-aeem-05e5-68ne],2026-08-20T12:39:51+00:00,2026-09-01T12:43:32.760119+00:00
935f4a8fc2735ecd6dd98c749b7533eea6af5159,https://kamikouryaku.net/nightreign_eldenring/?%E9%9A%A0%E8%80%85,,[#ykli] 知信ステ変狂い火の遺物引いたが、これは俺にやれといっているのか 2026-08-20 (木) 19:04:59 [ID:m-ac9x-df6b-e52j] [#5b92] あんた、やっておしまいよ 2026-08-21 (金) 12:17:35 [ID:p-e3if-f7b8-9ini],2026-08-20T10:04:59+00:00,2026-09-01T12:43:32.760119+00:00
c8041c907bdb6d60b98fe1ec8c00312251626e49,https://kamikouryaku.net/nightreign_eldenring/?%E9%9A%A0%E8%80%85,,[#5b92] あんた、やっておしまいよ 2026-08-21 (金) 12:17:35 [ID:p-e3if-f7b8-9ini],2026-08-21T03:17:35+00:00,2026-09-01T12:43:32.760119+00:00
7814c0672cb7dba2a1e4d21abfd20451a1f05c4f,https://kamikouryaku.net/nightreign_eldenring/?%E9%9A%A0%E8%80%85,,[#1lxh] リブラ神秘ステ変目当ての技量ステ変片ハル刀隠者ってどうかな？ リブラ引けないときはガチ隠握って引けたらちいかわ握る感じで リブラ引ければ結構強そうじゃない？ 2026-08-21 (金) 12:14:18 [ID:m-9s87-cdee-3s6y] [#7uq6] サイスすら引けないことがあるのでレア一点狙いは厳しい。リブラステ変でゲームを破壊するならマジブラや技量学者の方がロマンがある 2026-08-21 (金) 13:05:41 [ID:m-dga9-5c81-e52j] [#60hg] レディで良くね ステ変した所で素の刀の適正は負けてる上に片ハルだと差は拡がるのにそこまでして隠者使う意味とは 2026-08-22 (土) 08:10:46 [ID:p-2vlu-8a58-2jgr] [#a5k2] リブラステ変は、専用ステータスに置き換わった上で更にステ変遺物の効果が上乗せされるんだよ。だからレディで良いとはならない。技量学者の方が引けたときの爆発力も引けなかったときの実用性も上だとは思うけど 2026-08-22 (土) 09:34:22 [ID:m-ajbq-5c81-e52j] [#bdbg] それは知らんかった、すまぬ しかしリブラで都合よく目当てのステ変引ける確率ってどれくらいなんだろ... 2026-08-22 (土) 10:50:25 [ID:p-2vlu-8a58-2jgr] [#2v4a] 回避に差があること、都合良く良い刀とリブラのステ変が狙えるわけ無いっていう当然のリスクがあることを考えれば、大きくレディに分があるのは間違いない 2026-08-24 (月) 16:45:01 [ID:p-e3if-f7b8-9ini],2026-08-21T03:14:18+00:00,2026-09-01T12:43:32.760119+00:00
38630f79b6a3f8a4f4adde5d457b5382016a443d,https://kamikouryaku.net/nightreign_eldenring/?%E9%9A%A0%E8%80%85,,[#7uq6] サイスすら引けないことがあるのでレア一点狙いは厳しい。リブラステ変でゲームを破壊するならマジブラや技量学者の方がロマンがある 2026-08-21 (金) 13:05:41 [ID:m-dga9-5c81-e52j],2026-08-21T04:05:41+00:00,2026-09-01T12:43:32.760119+00:00
406ff194e0c3b2abc290c46a2bfa270e031fc935,https://kamikouryaku.net/nightreign_eldenring/?%E9%9A%A0%E8%80%85,,[#60hg] レディで良くね ステ変した所で素の刀の適正は負けてる上に片ハルだと差は拡がるのにそこまでして隠者使う意味とは 2026-08-22 (土) 08:10:46 [ID:p-2vlu-8a58-2jgr] [#a5k2] リブラステ変は、専用ステータスに置き換わった上で更にステ変遺物の効果が上乗せされるんだよ。だからレディで良いとはならない。技量学者の方が引けたときの爆発力も引けなかったときの実用性も上だとは思うけど 2026-08-22 (土) 09:34:22 [ID:m-ajbq-5c81-e52j] [#bdbg] それは知らんかった、すまぬ しかしリブラで都合よく目当てのステ変引ける確率ってどれくらいなんだろ... 2026-08-22 (土) 10:50:25 [ID:p-2vlu-8a58-2jgr] [#2v4a] 回避に差があること、都合良く良い刀とリブラのステ変が狙えるわけ無いっていう当然のリスクがあることを考えれば、大きくレディに分があるのは間違いない 2026-08-24 (月) 16:45:01 [ID:p-e3if-f7b8-9ini],2026-08-21T23:10:46+00:00,2026-09-01T12:43:32.760119+00:00
7f78ab57b7c4a911c91974c2a851ec3861c1000b,https://kamikouryaku.net/nightreign_eldenring/?%E9%9A%A0%E8%80%85,,[#ee8f] 重力特化って安定しなさすぎじゃない？固定枠がレアの隕石の杖だしその辺の杖に重力魔法付いてることなんてほとんどないだろ 今までマッチングした重力隠者五割くらい杖引けてねえぞ 2026-08-21 (金) 15:51:42 [ID:p-aan4-cdee-68ne] [#kjp5] 5割ってそんなもんでしょ。今はレア狙いで2日目強敵マラソンなりがちだからもうちょい確率ありそうだけど 重力に限らず持込みがない特化は上振れの天井上げてるだけだからね 引けた時のバ火力で気持ちよくなりたいだけで、引けなきゃ普通の隠者よ 何万回も言われてるけど特化対象引けなきゃゴミみたいな遺物構成ならそいつが悪いだけ 2026-08-21 (金) 19:03:11 [ID:m-14dj-ea39-62bh] [#9rsw] 特化なら魔力攻撃力や属性攻撃力も一緒についてるはずだからハズれても何も損はない。（各種攻撃力と特定魔術強化は枠が違うため） 2026-08-21 (金) 19:52:21 [ID:p-aeem-05e5-68ne] [#48k4] 別の人も言っているけど、特化構成は汎用と同レベルの火力アップ付いてる前提なんで、上振れ火力を狙えないを安定しないと例えるのは適切な表現ではないな 特化構成が汎用構成より見劣りする部分はHPFPカット率あたりで、耐久方面を安定させ辛いのは確かにある 2026-08-22 (土) 17:13:08 [ID:p-9k1w-24c4-68ne] [#2krk] 安定する特定魔術特化なんて輝剣くらいのもん。あとは当然博打よ。博打が外れた時の備えが出来ないならやめとき。生活費でギャンブルはするなって話 2026-08-24 (月) 16:43:08 [ID:p-e3if-f7b8-9ini],2026-08-21T06:51:42+00:00,2026-09-01T12:43:32.760119+00:00
78b2499492d9c82aa70956d0b97f2cf31c924bbc,https://kamikouryaku.net/nightreign_eldenring/?%E9%9A%A0%E8%80%85,,[#kjp5] 5割ってそんなもんでしょ。今はレア狙いで2日目強敵マラソンなりがちだからもうちょい確率ありそうだけど 重力に限らず持込みがない特化は上振れの天井上げてるだけだからね 引けた時のバ火力で気持ちよくなりたいだけで、引けなきゃ普通の隠者よ 何万回も言われてるけど特化対象引けなきゃゴミみたいな遺物構成ならそいつが悪いだけ 2026-08-21 (金) 19:03:11 [ID:m-14dj-ea39-62bh],2026-08-21T10:03:11+00:00,2026-09-01T12:43:32.760119+00:00
95c6c555ea0c65878f9a503b41336ec61fe23bec,https://kamikouryaku.net/nightreign_eldenring/?%E9%9A%A0%E8%80%85,,[#9rsw] 特化なら魔力攻撃力や属性攻撃力も一緒についてるはずだからハズれても何も損はない。（各種攻撃力と特定魔術強化は枠が違うため） 2026-08-21 (金) 19:52:21 [ID:p-aeem-05e5-68ne],2026-08-21T10:52:21+00:00,2026-09-01T12:43:32.760119+00:00
38cea1e4a43a5b2a69be1e3d52005fdfac5896ac,https://kamikouryaku.net/nightreign_eldenring/?%E9%9A%A0%E8%80%85,,[#48k4] 別の人も言っているけど、特化構成は汎用と同レベルの火力アップ付いてる前提なんで、上振れ火力を狙えないを安定しないと例えるのは適切な表現ではないな 特化構成が汎用構成より見劣りする部分はHPFPカット率あたりで、耐久方面を安定させ辛いのは確かにある 2026-08-22 (土) 17:13:08 [ID:p-9k1w-24c4-68ne],2026-08-22T08:13:08+00:00,2026-09-01T12:43:32.760119+00:00
c1d453e885337777c65fa81356ac80a1884ba929,https://kamikouryaku.net/nightreign_eldenring/?%E9%9A%A0%E8%80%85,,[#2krk] 安定する特定魔術特化なんて輝剣くらいのもん。あとは当然博打よ。博打が外れた時の備えが出来ないならやめとき。生活費でギャンブルはするなって話 2026-08-24 (月) 16:43:08 [ID:p-e3if-f7b8-9ini],2026-08-24T07:43:08+00:00,2026-09-01T12:43:32.760119+00:00
181a975703575c5b97833af7d19db2c50cef11e7,https://kamikouryaku.net/nightreign_eldenring/?%E9%9A%A0%E8%80%85,,[#chgi] 砂の魔術師スキンがあればステ変巨人の火ビルドで楽しめそう というか何がとは言わないけどデカいくせにあの衣装がないのは詐欺に近いよ 緑衣の巡礼スキンはあるくせに 2026-08-21 (金) 23:05:32 [ID:m-3r8y-24c4-e52j],2026-08-21T14:05:32+00:00,2026-09-01T12:43:32.760119+00:00
ced9d6ed9b5b29939a25468e990a88ecfde106bf,https://kamikouryaku.net/nightreign_eldenring/?%E9%9A%A0%E8%80%85,,[#3o7w] 生命力3を2つ、最大HPで深層の遺物につけたら倍近いHPになって一撃死しない+最大カット引けなくてもワンパンで死ににくくて快適。ストーリー遺物つけてアーツ発動したら1700HPとかになって草 2026-08-23 (日) 14:04:22 [ID:m-8v0u-bcfd-adn4] [#3z1o] この遺物構成って極まってくると火力まで両立できるから普通に強いのよね 2026-08-23 (日) 18:49:11 [ID:p-9k1w-24c4-68ne],2026-08-23T05:04:22+00:00,2026-09-01T12:43:32.760119+00:00
8485ca51e033675efd178a0a691e13e8ef3f4170,https://kamikouryaku.net/nightreign_eldenring/?%E9%9A%A0%E8%80%85,,[#3z1o] この遺物構成って極まってくると火力まで両立できるから普通に強いのよね 2026-08-23 (日) 18:49:11 [ID:p-9k1w-24c4-68ne],2026-08-23T09:49:11+00:00,2026-09-01T12:43:32.760119+00:00
1a73a0ef1df2a22fd3b8a84b7a293a64ee28d5ec,https://kamikouryaku.net/nightreign_eldenring/?%E9%9A%A0%E8%80%85,,[#b77n] 表遺物のステ変知信＋３中々良いな 汎用性が高く聖印置場が近ければ魔術だと少ない強靭削り高めの祈祷をサブとして確保出来る 裏は魔術強化でも良いし属性強化でも良い 最大ＦＰで補強しても良い 2026-08-23 (日) 20:14:37 [ID:m-8w4k-185e-e52j],2026-08-23T11:14:37+00:00,2026-09-01T12:43:32.760119+00:00
fb682c9cce02da10b5f1867f0f5febf587c29cbb,https://kamikouryaku.net/nightreign_eldenring/?%E9%9A%A0%E8%80%85,,[#2zqn] 物凄く大量に情報あって面倒だけど結局このwikiページ読んだら隠者が何をすると安定して何をすると不安定になって何をすると楽しいのか全部書いてあるってわかるのよ 2026-08-24 (月) 17:24:30 [ID:p-9iv6-ea39-bk3p] [#a6cs] あちこち書いててわけがわからないわ スペインの宗教裁判みたい 2026-08-24 (月) 19:14:30 [ID:m-aanz-9fb8-2hxj],2026-08-24T08:24:30+00:00,2026-09-01T12:43:32.760119+00:00
